{
  "total": 500,
  "parsed": 456,
  "parsed_rate": 0.912,
  "exact_acc": 0.02,
  "tol1_acc": 0.064,
  "tol5_acc": 0.118,
  "hour_acc": 0.158,
  "minute_acc": 0.032,
  "second_acc": 0.016,
  "mae": 104.85087719298245,
  "median_abs_error_minutes": 69.5,
  "exact_hhmm_acc": 0.02,
  "tol_1min_acc": 0.064,
  "tol_5min_acc": 0.118,
  "mae_minutes": 104.85087719298245,
  "minute_given_hour_acc": 0.12658227848101267
}